,0
0,abortionist
1,money_unit
2,blunderer
3,duchess
4,increase
5,wrongdoing
6,hydrogen
7,unto
8,optimism
9,pet
10,allurement
11,comrade
12,blow_nose
13,individual
14,premature_baby
15,unsatisfactory
16,daughter
17,garment
18,bury_dead_person
19,day_job
20,desired
21,instinctive_reflex
22,conflict
23,nice
24,sea_breeze
25,fall_for
26,suit_up
27,accessory
28,sensual
29,make_sketch
30,outrageous
31,uptight
32,mom_house
33,ooh
34,ingredient
35,good_strategy
36,subordinate
37,political
38,treat
39,flea
40,solitary
41,full_of_shit
42,crucify
43,water_bird
44,foyer
45,operation
46,leadership
47,dollar
48,cosmos
49,doughnut
50,fall
51,forgiveness
52,compliment
53,tirant
54,smugness
55,carafe
56,expose
57,goad
58,accumulate_stress
59,secure
60,country_leader
61,dude
62,impulsion
63,carnival
64,compact_disc
65,axiom
66,thunder_storm
67,unceremonious
68,motorcar
69,pity
70,sleep_apnea
71,gap
72,enroll_school
73,mouth
74,propriety
75,overpower
76,acculturation
77,veneration
78,rage
79,reportedly
80,terminal_illness
81,doomsday
82,give
83,foreswear
84,limit
85,perverse
86,luckiness
87,outraged
88,humiliate
89,clock
90,bat_boy
91,foe
92,a_lot_of_flowers
93,belong
94,feel_sick
95,musical_note
96,jewel
97,unbeloved
98,buy_paint
99,written_communication
100,extension
101,rosebush
102,assume
103,contemporary
104,zealous
105,haircut_scissor
106,come
107,explosive
108,thief
109,secondary_color
110,nonplused
111,compete_others
112,indignation
113,fellowship
114,affectional
115,backfire
116,number
117,varnish
118,famine
119,blessing
120,get_old
121,crest
122,without_space
123,heap
124,panegyric
125,shine
126,noise
127,high_level
128,discriminatory
129,money_owe
130,get_laid
131,traffic_jam
132,icy
133,prevent
134,great_understand
135,cognizance
136,suction
137,pull_leg_of
138,tokyo
139,banal
140,broken_bone
141,occupation
142,legislature
143,void
144,helplessness
145,medal
146,gate
147,imbecile
148,order_dinner
149,bloodshed
150,orate
151,protection
152,odd
153,persistent
154,united_country
155,quit_work
156,contravention
157,demonstrator
158,wee
159,smile_child
160,basketball
161,halloween
162,stopwatch
163,scale
164,polio
165,measure_tool
166,written_message
167,misrepresentation
168,victim
169,quarrel
170,loud
171,humorous
172,affectionateness
173,sneaky
174,foot
175,fight_war
176,key
177,confirmation
178,interest
179,remember_phone_number
180,chapel
181,misremember
182,fake
183,bring
184,find_bookmark
185,mount_ever
186,figure
187,fly_away
188,goodbye
189,excusable
190,ache
191,harmonical
192,six_legs
193,tike
194,slit
195,novelty
196,drooping
197,go_under
198,pioneer
199,underdog
200,gnome
201,toe
202,down
203,toward
204,change_life
205,thirstily
206,helpful
207,water_faucet
208,machine
209,mouth_movement
210,wine_maker
211,beastly
212,invest
213,correct
214,vengeance
215,harmony
216,copper
217,flower_girl
218,special_moment
219,really_good
220,rifle
221,imperfectly
222,satisfy_appetite
223,wave
224,gain_ground
225,ping_pong_paddle
226,spiral
227,basketball_hoop
228,predator
229,little
230,wedge_door_open
231,bad_taste
232,whisk
233,grandmother
234,snowflake
235,sickness
236,killer
237,car
238,bonheur
239,real_estate
240,meetly
241,reconstruct
242,winery
243,sheepish
244,soccer
245,close_mouth
246,pride
247,spread_idea
248,nuclear_bomb
249,accomplished
250,become_pregnant
251,obtain
252,summer
253,public_servant
254,give_a_lot_of_flowers
255,deal
256,vaccination
257,book_worm
258,cue
259,boulder
260,accuracy
261,long_stick
262,single_person
263,trashcan
264,athletic_game
265,indoor
266,hourglass
267,spellbound
268,tongue
269,philosophy
270,feel_stressed
271,unit_of_measurement
272,intersection
273,send_to_jail
274,suffocate
275,sound_wave
276,bitter
277,embarrassment
278,spasm
279,disclose
280,diminished
281,intend
282,creek
283,metal_stick
284,information_gathering
285,ground
286,gluten
287,lesson
288,bird_prey
289,multitude
290,ramp
291,mock
292,go_pee
293,spell
294,karma
295,bright_red
296,dwarf_planet
297,dreary
298,eat_breakfast
299,take_in
300,back_forth
301,peckish
302,support
303,length_measurement
304,indignant
305,write_note
306,brand
307,make_out
308,euphoria
309,river
310,date
311,renewable_resource
312,rain_wind
313,get_hurt
314,water_ear
315,cash_bill
316,steer_wheel
317,medical_procedure
318,tie
319,remove
320,widespread
321,pean
322,still
323,stemma
324,acquisitiveness
325,pendant
326,discover
327,duty
328,widow
329,amplitude_level
330,apartment
331,jinx
332,young_child
333,minus
334,become_aroused
335,bleakness
336,ball_player
337,get_close
338,grim
339,implausible
340,slattern
341,axle
342,mountain_top
343,leave_out
344,arm_movement
345,pause
346,live_in_mountain
347,hip
348,order_food
349,dignity
350,buy_food
351,answer
352,crotch
353,lap
354,funny_joke
355,temporary_home
356,strong_emotion
357,tan_lotion
358,loud_noise
359,carry_weight
360,last_little
361,daddy
362,human_body
363,theater_box
364,dispense_with
365,outrage
366,battle_disease
367,pencil_sharpener
368,repugnance
369,watch_over
370,subject
371,vocabulary
372,darling
373,revive
374,undress
375,end_point
376,vegetation
377,study
378,treadle
379,mystify
380,apex
381,toothache
382,wrong_answer
383,quick
384,bad_behavior
385,venerate
386,confine
387,sugar
388,train_hard
389,enroll_class
390,fast_water
391,blow_smoke
392,grenade
393,retentiveness
394,recent_epoch
395,theatrical_baddie
396,curly
397,world
398,ibuprofen
399,subunit
400,geek
401,tennis_match
402,excel
403,mole_cricket
404,cry_hard
405,telephone
406,relict
407,forum
408,give_performance
409,inclusive
410,refurbish
411,cool_engine
412,benefit
413,becharm
414,mauve
415,trapezoid
416,convoluted
417,mimic
418,duke
419,bring_up
420,spiritual
421,mistake
422,student
423,oblige
424,work_person
425,red_fox
426,properness
427,supine
428,magical
429,sexual_intercourse
430,bart
431,inventor
432,joyfully
433,camp_follower
434,length
435,cube
436,eat_food
437,numerical
438,brutal
439,hurt_person
440,tear_paper
441,fossil
442,obligation
443,pancreas
444,put_on
445,complete_task
446,sugarcoat
447,artist
448,denomination
449,sound_good
450,generosity
451,inclusively
452,bronze
453,ideal
454,late
455,cure
456,bowel_movement
457,pencil
458,glowering
459,submerge
460,bear_upon
461,gratitude
462,stick_up
463,usual_ordinary
464,thick_hair
465,lamb_meat
466,diminish
467,woodworking_tool
468,bell_noise
469,special_time
470,insert
471,underwear
472,mass_measure
473,advantageous
474,same_level
475,burglary
476,traffic
477,find_kitchen
478,gun
479,linen_cupboard
480,human_noise
481,louse
482,prepare_go_jail
483,lifesaving
484,scary
485,prevent_cavity
486,sole
487,cd-rom
488,gain_insight
489,arrive
490,certainty
491,egalitarian_society
492,picaninny
493,microbe
494,crush
495,emergency
496,fit
497,bandage
498,wrangle
499,suddenly
500,wet_hair
501,buy_christmas_present
502,joyously
503,innovativeness
504,insurgent
505,organic_substance
506,captive
507,up_date
508,uplift
509,paper_currency
510,caviare
511,gratis
512,clutter
513,enjoyment
514,cavity
515,galaxy
516,cup
517,sea
518,shed_tear
519,common_bean
520,soya_bean
521,programming_bug
522,lecture_theater
523,scream
524,decibel
525,pucker
526,jay
527,stimulate_mind
528,skeletal_system
529,drive_upon
530,starving
531,question
532,facet
533,carpet
534,mesmerized
535,source_code
536,tyro
537,master_key
538,purpose
539,age
540,loser
541,internet
542,water_form
543,group
544,enjoy_person
545,pervading
546,buy
547,coral
548,enumeration
549,plan
550,lid
551,mission_accomplished
552,sophisticated
553,floor_cover
554,newspaper_article
555,madness
556,debt
557,november
558,tell_on
559,comfort_woman
560,bone
561,absence
562,respected
563,dice
564,make
565,commerce
566,illegitimate
567,swim
568,thigh
569,enable
570,sway
571,run_treadmill
572,bestow
573,puzzled
574,sparrow
575,good_quality
576,latch
577,rose
578,fish_bowl
579,hand_motion
580,angular_shape
581,sleep_night
582,make_love
583,respect
584,business_man
585,wake_up
586,addiction
587,degree
588,hailstone
589,statement
590,confused
591,malodor
592,expand
593,ancient_artifact
594,fright
595,domestic_animal
596,make_noise
597,texture
598,entertain_others
599,carry_water
600,ocean
601,jump_up
602,hollow_out
603,bad_choice
604,find_mate
605,philosophical_system
606,grudge
607,direction
608,oath
609,tune
610,determine
611,liquid_measurement
612,postal_counter
613,translation
614,become_smart
615,admired
616,kill_soldier
617,above_leg
618,learn
619,divine
620,tree_dead_tree
621,fish_rod
622,add
623,divorce_money
624,trespass
625,hysterically
626,knee
627,curl
628,attend_meeting
629,angularity
630,youthful
631,treasurer
632,indefinitely
633,peep
634,drudgery
635,tall
636,fragmentation
637,national_leaderitico
638,under_ground
639,committee
640,conjunction
641,leader
642,obedience
643,dark_liquid
644,contribute
645,offspring
646,undersized
647,go_sleep
648,compunction
649,throw_in
650,persona
651,harmonious
652,liquid_fuel
653,afford
654,immoral
655,codeine
656,utopia
657,piles
658,catholicity
659,up_down
660,renovate
661,queasy
662,cutworm
663,foreplay
664,excel_at
665,red
666,prestigious
667,dance_music
668,link
669,knot
670,grip
671,quick_look
672,separate
673,clear_away
674,knowledgeable
675,needful
676,lack
677,home_entrance
678,encomium
679,help_understand
680,copulative_conjunction
681,pollute_air
682,salute
683,economic
684,tear_apart
685,blemish
686,enlightened
687,priest
688,tradesman
689,fuse
690,homage
691,famished
692,interruption
693,recall
694,bewitch
695,humor
696,grand
697,box_match
698,movement
699,support_family
700,verse
701,large_business
702,tv_program
703,meaninglessness
704,part
705,rejection
706,headgear
707,enemy
708,prick
709,best_friend
710,raise_self_esteem
711,scotch
712,exploration
713,acute
714,research_experience
715,next_level
716,phenobarbital
717,impart
718,box_cereal
719,time_waster
720,effect
721,atlantic_ocean
722,automobile
723,blog
724,make_laugh
725,tenet
726,weight_machine
727,big_businessman
728,autocracy
729,stuffiness
730,international_space_station
731,respond
732,expansion
733,amazement
734,hustle
735,bird
736,kingly
737,permission
738,approval
739,blood
740,gypsy_moth
741,aperture
742,use_oil_paint
743,museum
744,school_of_thought
745,watch
746,tax
747,surpass
748,same_again
749,incompetent
750,prognosticate
751,arsenal
752,unlucky
753,coordinator
754,snob
755,quicken
756,volume_measurement
757,win_war
758,treetop
759,spot
760,flour_water
761,biff
762,cotton
763,master
764,bland
765,cathedral
766,important
767,research_fellowship
768,mercenary
769,family_member
770,get_back
771,hang_on
772,correctitude
773,knowledge
774,kill_enemy
775,ferret
776,run
777,rhyme
778,access
779,plausibleness
780,tolerate
781,chemical_process
782,therapeutic
783,crowd
784,need_food
785,organization
786,pretext
787,seaman
788,allow
789,pick_up
790,trip_acid
791,music_storage
792,grumpy
793,get_into
794,receive
795,drink_alcohol
796,type_of_government
797,latchkey
798,get_drunk
799,just
800,twelve
801,deception
802,eden
803,implicit
804,contentment
805,wonderful_feeling
806,incline_plane
807,gun_shop
808,mineral_deficiency
809,salvage
810,trammel
811,get_wet
812,conclusion
813,store_record
814,refuge
815,thirty
816,make_potato
817,antidote
818,portend
819,crow
820,java
821,defeat_enemy
822,swallow_food
823,avenue
824,illness
825,honest
826,seduction
827,bible
828,energy_of_activation
829,shout
830,store_webpage
831,stalin
832,fail
833,passkey
834,brusque
835,hair_gel
836,stain_clothes
837,salvation
838,weather_condition
839,body_hurt
840,flummox
841,middle_road
842,first_floor
843,air
844,brain_activity
845,chachka
846,disinherited
847,plication
848,safety
849,stream
850,solution
851,fang
852,machiavellian
853,joint
854,slack
855,stress
856,laggard
857,prediction
858,pittsburgh
859,expand_horizon
860,ruthless
861,authenticate
862,consistency
863,owe
864,praise
865,criminal
866,unskilled
867,cost_nothing
868,stink
869,pauper
870,ridiculous
871,elder_statesman
872,miss
873,worry
874,vixen
875,time_interval
876,laxation
877,vodka
878,estate
879,two_horses
880,political_leader
881,cut_wood
882,rush_work
883,coldness
884,imitate
885,severe
886,auto
887,untested
888,militant
889,hazy
890,primary_care_physician
891,twice
892,affray
893,fight
894,enter_contest
895,judgment
896,practiced
897,unconventional
898,cross
899,lever
900,beset
901,lettuce
902,jump
903,clout
904,make_copy
905,team_up
906,symposium
907,tumble
908,grab
909,freshness
910,pay_toll
911,drink_a_lot_of_alcohol
912,make_promise
913,purple_color
914,write
915,metal_rod
916,smithsonian_institution
917,culture
918,demonstrate_skill
919,informed
920,lane
921,cope
922,newspaper_newspaper
923,sad_person
924,opponent
925,abuse
926,consciousness
927,make_decision
928,coordinate
929,merrymaking
930,care
931,beam
932,lurking_place
933,disillusion
934,style
935,lecture
936,adrenaline
937,reference
938,knifelike
939,cower
940,hook_up_with
941,luckless
942,soil
943,paper_sign
944,lose_track_timeom
945,minister
946,underfed
947,urgency
948,contrary
949,form_of_money
950,winter_sport
951,human_sound
952,shit
953,lovebird
954,ill-fated
955,strong_material
956,bring_out
957,concerned
958,guarded
959,tend
960,novice
961,limitation
962,omega
963,medical_doctor
964,against_law
965,including
966,relative
967,peaceful_place
968,coercion
969,fish_pole
970,illusion
971,two_eyes
972,cinderella
973,doper
974,lovesick
975,doped
976,redemption
977,awareness
978,green_black
979,taste
980,hiccup
981,man_child
982,ambuscade
983,siege
984,upper_deck
985,swiss_army_knife
986,intern
987,natural_order
988,indictment
989,maintain
990,paper_bill
991,teacher
992,fan
993,unlimited
994,ask_politely
995,flat
996,dawdler
997,water_splash
998,reasonable
999,offer
1000,wound
1001,bus_person
1002,cedar
1003,buy_sandwich
1004,ballpark
1005,butcher
1006,jump_over
1007,space
1008,struggle
1009,read_newspaper_newspaper
1010,endow
1011,ancient
1012,glass_front
1013,incinerator
1014,table_tennis
1015,dependent
1016,low
1017,slip_fall
1018,boy
1019,tiara
1020,scorn
1021,ball_bounce
1022,injured
1023,frequency
1024,improve_skill
1025,bareness
1026,usual
1027,awfully
1028,theft
1029,money_place
1030,snobby
1031,costless
1032,politician
1033,nothing
1034,forgive
1035,tiny_organism
1036,car_gas
1037,help_person
1038,pace
1039,volt
1040,oversee
1041,crooked
1042,enter_contract
1043,intoxicate
1044,stay_young
1045,liberate
1046,big_group
1047,great_view
1048,spool
1049,adventure
1050,reputable
1051,liberal
1052,decision
1053,place_sleep
1054,sorry
1055,accumulate_stress_city
1056,wrong
1057,negotiator
1058,accurately
1059,awe
1060,doctor_surgery
1061,own_land
1062,lose_track_time
1063,new_baby
1064,riches
1065,revolve
1066,pleasant_emotion
1067,stir_paint
1068,whelm
1069,jest
1070,guard_bank
1071,state_of_mind
1072,member_jury
1073,nature
1074,tiredness
1075,pest
1076,goldfish_bowl
1077,store_vegetable
1078,dickey
1079,bookmark_relate
1080,muddy_up
1081,sketch
1082,32_teeth
1083,lose_credibility
1084,poke
1085,keep_peace
1086,fossil_fuel
1087,thanksgiving
1088,ball_boy
1089,view
1090,good_investment
1091,two_wheels
1092,conditioned_emotion
1093,piece_of_clothing
1094,bourbon
1095,fewness
1096,armory
1097,lump
1098,geometric_figure
1099,group_of_people
1100,web_surf
1101,suture
1102,one
1103,pica
1104,innate_reflex
1105,character
1106,haze
1107,underworld
1108,volleyball
1109,brusk
1110,welt
1111,expense
1112,water_movement
1113,slow_traffic
1114,officer
1115,eviscerate
1116,go_toilet
1117,long_story
1118,web_browser
1119,grasp
1120,get_large
1121,telephone_room
1122,direct
1123,old_dance
1124,demand
1125,read_buy_newspaper
1126,dearth
1127,change_taste
1128,upkeep
1129,awkward
1130,star_planet
1131,vintage
1132,butterfingers
1133,decrease
1134,ship_company
1135,uneducated
1136,shelter
1137,witch
1138,jealous
1139,bead_cover
1140,subversive_activity
1141,peace_sign
1142,catecholamine
1143,prove
1144,death_place
1145,whine
1146,bubble
1147,verbal
1148,bot
1149,provision
1150,weather_upper_deck
1151,haul
1152,misconduct
1153,approximative
1154,enzyme
1155,man_wife
1156,code
1157,art_piece
1158,sweet_drink
1159,criterion
1160,amusement
1161,nobility
1162,atmosphere
1163,big_fight
1164,salutary
1165,rabbi
1166,live_inside
1167,regard
1168,alloy
1169,make_do
1170,poverty
1171,peck
1172,poor
1173,newspaper
1174,rumormonger
1175,record
1176,winter_time
1177,serene
1178,hand_tool
1179,hiding_place
1180,dour
1181,dogma
1182,ambassador
1183,thumb_down
1184,ballroom_dance
1185,remark
1186,lyric
1187,universe
1188,colorful
1189,bread
1190,expression
1191,pond
1192,unawares
1193,recovery
1194,reward
1195,ill_health
1196,jolly
1197,restrict
1198,discharge
1199,absence_of_risk
1200,strong_feeling
1201,microscope
1202,discriminating
1203,blue_blood
1204,ianfu
1205,tyrant
1206,doctor_patient
1207,cheap
1208,abortive
1209,raid
1210,witticism
1211,excitement
1212,take_out_loan
1213,whisky
1214,modestness
1215,drug
1216,form_team
1217,missionary_post
1218,stillborn_infant
1219,oculus_sinister
1220,partnership
1221,painful_injury
1222,smug
1223,duh
1224,mortal
1225,mat
1226,outpost
1227,exhilarate
1228,describe
1229,attack
1230,narrative
1231,precious_jewel
1232,pain
1233,femur
1234,social_group
1235,weather
1236,disneyland
1237,conduce
1238,annoy
1239,bad_grade
1240,titanium
1241,deviation
1242,breezy
1243,intellect
1244,poetry
1245,audio
1246,companion
1247,hip_to
1248,sweep_over
1249,swirl
1250,bullet_hole
1251,go_on
1252,kindness
1253,net
1254,withstand
1255,relinquish
1256,queen_of_england
1257,devotion
1258,cartoon_character
1259,power_source
1260,lake
1261,rugby
1262,really_big
1263,nod_head
1264,summit
1265,headstone
1266,existence
1267,knob
1268,form_government
1269,ravenous
1270,make_baby
1271,fool
1272,damage
1273,law
1274,paean
1275,zippy
1276,stigmatize
1277,boulevard
1278,groceries
1279,mundane
1280,rash
1281,lament
1282,settle
1283,maggot
1284,skinny
1285,go_lake
1286,darkness
1287,paperwork
1288,pass_gene
1289,droll
1290,diaphragm
1291,esteemed
1292,resentment
1293,reflex
1294,rapine
1295,contribution
1296,reside
1297,dyne
1298,dad
1299,death_destruction
1300,inert_gas
1301,imitation
1302,cloudy
1303,hurtful
1304,hero-worship
1305,eulogium
1306,prosperity
1307,ball
1308,brandy
1309,amoeba
1310,in-depth
1311,unacceptable
1312,ordinary
1313,safe
1314,break
1315,typical
1316,lively
1317,mass_person
1318,transition
1319,quick_motion
1320,trauma
1321,permanent
1322,grind
1323,use_eye
1324,unexpected
1325,hitler
1326,negative
1327,inexpensive
1328,peg
1329,hundred_year
1330,march_rear
1331,importance
1332,school
1333,native_american
1334,jubilation
1335,seafood
1336,zip
1337,adult_drink
1338,high_fever
1339,design
1340,feasibility
1341,understand
1342,leisure_activity
1343,dreadful
1344,horror_movie
1345,restful
1346,opposition
1347,vitiated
1348,webpage
1349,goblin
1350,compel
1351,tussock
1352,contrition
1353,mountebank
1354,deacon
1355,please
1356,drab
1357,continuity
1358,complaint
1359,art
1360,coiled
1361,straggler
1362,dissembling
1363,refer
1364,reciprocal
1365,minus_sign
1366,fornicate
1367,type_of_party
1368,avidness
1369,businessman
1370,illicit
1371,aah
1372,find_build
1373,cash
1374,reverence
1375,find_phone_number
1376,pink
1377,metal_money
1378,plausible
1379,carve
1380,detect
1381,hold_on
1382,recurring
1383,cold
1384,destroy_home
1385,doorway
1386,alternative_energy
1387,religious
1388,sting
1389,wrapped_up
1390,equal
1391,garden
1392,glimpse
1393,erythema
1394,tunnel
1395,laborer
1396,pluck_hair
1397,gob
1398,sticky_substance
1399,maximum
1400,sanguinary
1401,wave_hello
1402,pique
1403,question_ask
1404,feel_sorry
1405,attach
1406,bride
1407,aerial_bomb
1408,computer
1409,sign_document
1410,seam
1411,dulcify
1412,hand_gesture
1413,cut_skin
1414,vegetable_fruit
1415,bead
1416,question_answering
1417,snooty
1418,impaired
1419,incisive
1420,hang_clothes
1421,completely
1422,subversion
1423,reflex_response
1424,correspondence
1425,anticipate
1426,circle
1427,continuative
1428,young_people
1429,air_breathe
1430,altogether
1431,triangular
1432,egalitarian
1433,lovable
1434,passion
1435,fox
1436,high-strung
1437,move_ahead
1438,meet_need
1439,alcoholic_drink
1440,supervisor
1441,rooster
1442,bottle_water
1443,sick
1444,overcome
1445,university
1446,erythema_multiforme
1447,melancholy
1448,wind
1449,product
1450,peeper
1451,gloomful
1452,amour
1453,nuclear_weapon
1454,convenience_store
1455,newton
1456,part_of_plant
1457,opaque
1458,go_home_early
1459,overcome_obstacle
1460,grovel
1461,fraternity
1462,coin
1463,raven
1464,self-pity
1465,mixture
1466,soft_fabric
1467,loud_sound
1468,arrest
1469,traitor
1470,alternate
1471,small_man
1472,amuse
1473,century
1474,stalactite
1475,accept
1476,trip_up
1477,lurker
1478,perplex
1479,profitable
1480,monetary_unit
1481,population
1482,mutton
1483,book
1484,drive
1485,lamentably
1486,big
1487,crave
1488,size
1489,pressor
1490,lovesome
1491,state
1492,endure
1493,altitude
1494,expert
1495,cut
1496,mint
1497,acquire_knowledge
1498,emotion
1499,air_movement
1500,observation
1501,toughie
1502,use_farm
1503,shame
1504,go_out
1505,add_flavor
1506,peavey
1507,highbinder
1508,disgust
1509,high_quality
1510,consume_nourishment
1511,say_sorry
1512,woman
1513,fever
1514,vein
1515,heal_wind
1516,indefinite
1517,cash_coin
1518,put_bid
1519,equality_everyone
1520,environment
1521,seer
1522,worship
1523,pith
1524,meliorative
1525,rug
1526,impose
1527,ambush
1528,prairie_fox
1529,stare
1530,catch
1531,glide
1532,dig_ground
1533,bungling
1534,anagnost
1535,find
1536,matriculate
1537,float_through_air
1538,read_news
1539,bed
1540,amaze
1541,head_guy
1542,yearly_celebration
1543,clew
1544,throng
1545,big_stick
1546,buffoon
1547,boss
1548,inquire
1549,unlawful
1550,serve_jury
1551,property
1552,hot
1553,estimable
1554,refrigerator
1555,mother_womb
1556,use_fuel
1557,hold_child
1558,greet
1559,glory
1560,extortion
1561,imperial
1562,bear_up
1563,piece_of_change
1564,mark
1565,sentence_end
1566,computer_lover
1567,aesthesia
1568,powerful_man
1569,manpower
1570,caution
1571,dustup
1572,make_rich
1573,harpoon
1574,type_of_fruit
1575,skip
1576,vibration
1577,goa_bean
1578,bomb
1579,swimming_pool
1580,business_leader
1581,initiate
1582,get_married
1583,reliever
1584,a_lot_of_sex
1585,bag
1586,activated
1587,burial
1588,funeral
1589,cyan
1590,quaintly
1591,demon
1592,please_parent
1593,rule
1594,evaporate
1595,excuse
1596,japanese_beetle
1597,chivalry
1598,borrow_money
1599,pistol
1600,nonsensicality
1601,go_toward
1602,spend_time_with_child
1603,retentivity
1604,feasibleable
1605,meek
1606,terror
1607,elderly
1608,bungled
1609,buddhist
1610,text
1611,school_system
1612,express_emotion
1613,boss_around
1614,consumer
1615,leafy
1616,glum
1617,avaricious
1618,medicinal
1619,ice_skate
1620,congestion
1621,paint
1622,friend
1623,gentleman
1624,force_unit
1625,sleep
1626,completed
1627,fishbowl
1628,plank
1629,loud_yell
1630,business
1631,know
1632,general
1633,clamp_down
1634,responsibility
1635,undernourished
1636,part_of_history
1637,feel_good
1638,goddess
1639,option
1640,bug
1641,register
1642,locomotion
1643,get_by
1644,atomic_energy
1645,sentence
1646,aright
1647,brave_out
1648,add_knowledge
1649,lower_floor
1650,maim
1651,approximate
1652,crook
1653,bloodhound
1654,affectionate
1655,red_green
1656,backup
1657,stapler
1658,hide_truth
1659,forbidden_fruit
1660,possess
1661,hut
1662,miss_appointment
1663,remittance
1664,stumble
1665,openly
1666,marry
1667,richness
1668,ancient_rome
1669,burned
1670,needless
1671,sum
1672,bail_water
1673,bed_cover
1674,hold_onto
1675,lower
1676,execute
1677,stream_ocean
1678,fetch
1679,bean
1680,go_bankrupt
1681,stern
1682,near_mouth
1683,utter
1684,planetary
1685,bottle
1686,enchant
1687,alarm
1688,activity
1689,wall-to-wall
1690,nobleman
1691,altar_boy
1692,cub
1693,repair
1694,mattress
1695,lecture_hall
1696,slow_dance
1697,gunpowder
1698,mountain_climber
1699,social
1700,nervy
1701,cook
1702,say
1703,multiple_purposes
1704,go_onwards
1705,clang
1706,branch
1707,timely
1708,use_tool
1709,conditioned_emotional_response
1710,jealousy
1711,piece_of_metal
1712,centre
1713,gorgeous
1714,doctrine
1715,facial_expression
1716,school_session
1717,unsafe
1718,unison
1719,annual
1720,exclamation
1721,graduate_education
1722,teen
1723,freshen_up
1724,payment
1725,change
1726,birth
1727,snore
1728,unharmed
1729,psychological_terror
1730,clown
1731,chivvy
1732,polygon
1733,warm_hand
1734,complete_job
1735,debit_card
1736,woodland_creature
1737,yellow_green
1738,unspecific
1739,day_month
1740,recent
1741,begrime
1742,move_quickly
1743,container_cup
1744,girl
1745,baddie
1746,spinach
1747,mandatory
1748,gloominess
1749,evidence
1750,guide
1751,at_loss
1752,windburn
1753,bungler
1754,nuclear_energy
1755,swimsuit
1756,frighten
1757,mourner
1758,bah
1759,lower_standard_live
1760,query
1761,rail
1762,caviar
1763,thank
1764,believe
1765,magnate
1766,contemplate
1767,needle
1768,business_firm
1769,dark_place
1770,nucleus
1771,slang
1772,order_drink
1773,mug
1774,decree
1775,successfulness
1776,loathe
1777,ask
1778,basement
1779,earn_money
1780,excavate
1781,rotate_movement
1782,material
1783,mere
1784,tavern
1785,forgivable
1786,deplorably
1787,artery
1788,ring_loudly
1789,rotate
1790,mission
1791,screw_up
1792,boredom
1793,decide_guilt
1794,thoughtful
1795,reflex_action
1796,leap
1797,bewildered
1798,battlefield
1799,irritate
1800,food
1801,small_lake
1802,freeboard_upper_deck
1803,pervasively
1804,get_response
1805,temper
1806,possessiveness
1807,stomach
1808,detachment
1809,obstruct
1810,die_painfully
1811,pacific_ocean
1812,weeping
1813,immoderation
1814,animosity
1815,lethal
1816,outgo_personality
1817,vitality
1818,absence_of_danger
1819,play_role
1820,mass
1821,knowingness
1822,male
1823,risk
1824,goof
1825,offensive
1826,live_simply
1827,farewell
1828,sorrowful
1829,reflect_image
1830,tyranny
1831,glee
1832,ride_horse
1833,semicircle
1834,unjust
1835,edge
1836,parrot
1837,premature_infant
1838,command
1839,nightclub
1840,dance_well
1841,sexual
1842,task
1843,free
1844,skill
1845,thug
1846,lavender
1847,possession
1848,type_of_music
1849,acolyte
1850,brook
1851,dangerous_drive
1852,complimentary
1853,show_tooth
1854,shine_at
1855,kin
1856,narrow
1857,passive_resister
1858,take
1859,special
1860,dare
1861,give_assistance
1862,good_man
1863,gather_team
1864,mosquito
1865,memorization
1866,salutation
1867,idolize
1868,velvet
1869,dollar_bill
1870,escape_reality
1871,agglomeration
1872,harass
1873,malady
1874,hint
1875,proper
1876,pose
1877,woodland_animal
1878,cold_outside
1879,groin
1880,normal
1881,creep
1882,delete
1883,panic_attack
1884,reverently
1885,cut_out
1886,spirited
1887,deep
1888,eagerness
1889,pleasure
1890,deceive
1891,tip
1892,blue
1893,oil
1894,malice
1895,slouch
1896,agglomerate
1897,malefactor
1898,dump
1899,less
1900,happiness
1901,backside
1902,reckon
1903,modest
1904,small_picaninny
1905,personal
1906,self-satisfaction
1907,worker
1908,bookmark
1909,year
1910,color_rainbow
1911,young_woman
1912,happen
1913,hold_canvas
1914,sob
1915,aptly
1916,rain_storm
1917,aye
1918,osteostracan
1919,broker
1920,morose
1921,obey
1922,big_bang
1923,dislike
1924,materialistic
1925,fast
1926,loudness
1927,custard
1928,nestle
1929,virtue
1930,bury_body
1931,buy_ball
1932,write_computer_program
1933,inhale_air
1934,nurse
1935,gunshot
1936,burnt
1937,hungry
1938,classic
1939,deep_blue
1940,bad_smell
1941,storm_fortress
1942,single_celled
1943,starring
1944,currency_unit
1945,bestial
1946,hold_coin
1947,stunt
1948,room
1949,social_creature
1950,poisonous_human
1951,estranged
1952,dumpster
1953,golf_course
1954,abolish
1955,lubrication
1956,smash
1957,leading
1958,depress
1959,green_red
1960,firearm
1961,coffin
1962,entranceway
1963,kick_out
1964,prefigure
1965,marriage
1966,time_measurement
1967,social_reformer
1968,embarrassing
1969,monarch
1970,etiquette
1971,amazon
1972,crate
1973,heterostracan
1974,classical_music
1975,safe_sex
1976,capitalist
1977,ballerina
1978,help_find
1979,commercial_document
1980,open
1981,joyfulness
1982,suffer
1983,emotional_pain
1984,bottling_plant
1985,affecting
1986,propose
1987,bothersome
1988,wear
1989,unexpectedly
1990,royal
1991,cringe
1992,administer
1993,birthday
1994,uppercase_bug
1995,retain
1996,muscle
1997,sleepless_night
1998,stand_firm
1999,horizontal_plane
2000,self-satisfied
2001,absolute
2002,popinjay
2003,bright_color
2004,trivia
2005,lovelorn
2006,extreme_lose_track_timeom
2007,go_potty
2008,need_grocery
2009,consider
2010,american_forest
2011,termination
2012,stunt_man
2013,relate_person
2014,hideaway
2015,capitalize
2016,masticate
2017,association
2018,male_person
2019,education
2020,slaughterous
2021,female_person
2022,apathetic
2023,wheel
2024,convolute
2025,gash
2026,revenue
2027,draw
2028,good
2029,tiro
2030,color
2031,fearful
2032,circus
2033,finish_complete
2034,tally
2035,complacence
2036,trash_bin
2037,appearance
2038,chime
2039,quail
2040,morgue
2041,special_day
2042,tell_funny_joke
2043,numerosity
2044,feel_lonely
2045,true
2046,mazer
2047,icebox
2048,wand
2049,countlessness
2050,sex
2051,neck
2052,pencil_art
2053,nervousness
2054,medium
2055,modesty
2056,bouncing
2057,seduce
2058,call_girl
2059,outdoor
2060,retribution
2061,action_movie
2062,drink_much
2063,trot_out
2064,spellbind
2065,low_level
2066,minor
2067,connoisseur
2068,reduce
2069,steal_money
2070,saint
2071,broader
2072,deficiency
2073,ballroom
2074,continue
2075,sweetener
2076,harmonized
2077,chicken_bushel
2078,ill-omened
2079,criticism
2080,annoyance
2081,use_bookmark
2082,post
2083,ladle
2084,attitude
2085,prehensile
2086,good_view
2087,baron
2088,gay
2089,head_shoulder
2090,work_force
2091,avarice
2092,shoot_range
2093,ballet
2094,government_person
2095,annual_celebration
2096,get_fast
2097,small_person
2098,get_killed
2099,octagon
2100,outlaw
2101,friendship
2102,heat_up
2103,sentient
2104,come_up
2105,somberness
2106,underground
2107,piano
2108,parent
2109,ailment
2110,jorum
2111,love
2112,project
2113,nod
2114,dupe
2115,unpredictable
2116,mouth_part
2117,alcohol
2118,sudden
2119,king
2120,jiggle
2121,involute
2122,superlative
2123,surface_earth
2124,shelter_upper_deck
2125,water_vehicle
2126,pluck
2127,sum_total
2128,shotgun
2129,clothes_style
2130,deforestation
2131,dolt
2132,hot_water
2133,essential
2134,concern
2135,pin
2136,sun
2137,casket
2138,bring_wallet
2139,secretary
2140,front
2141,desire_win
2142,jeweled_headdress
2143,libel
2144,embryo
2145,bedsheet
2146,snot
2147,state_head
2148,indifferent
2149,know_fact
2150,geometric_shape
2151,apple
2152,destroy_build
2153,sec
2154,bangle
2155,go_stall
2156,comforter
2157,pleat
2158,buy_book
2159,uterus
2160,knockout_punch
2161,misjudge
2162,horseback_rider
2163,exchange_goods
2164,north
2165,duffer
2166,athletics
2167,loud_shout
2168,act_play
2169,greenery
2170,ability
2171,joy
2172,lowness
2173,water_motion
2174,dew
2175,floor
2176,kid
2177,adhesive
2178,tea
2179,prayer
2180,own
2181,hopeful
2182,preacher
2183,bud
2184,tree_flower
2185,plural
2186,unerect
2187,thunder
2188,go_around
2189,understanding
2190,white-out
2191,anthrax
2192,absurdity
2193,divide
2194,cool_down
2195,gavel
2196,hydrogen_bomb
2197,hill_mountain
2198,phlegm
2199,barrette
2200,outhouse
2201,bury_dead
2202,outrank
2203,singular
2204,tiny
2205,stuck
2206,gnat
2207,politeness
2208,poet
2209,career
2210,amplify
2211,fiction
2212,unfixed
2213,sanguineous
2214,honor
2215,verbalize
2216,sthene
2217,good_buy
2218,frilly
2219,fond
2220,have_fun
2221,engine
2222,decoy
2223,mobbing
2224,unenviable
2225,regret
2226,thermal
2227,sell
2228,happy
2229,put_in_jail
2230,month
2231,tell_joke
2232,cellphone
2233,concede
2234,steal
2235,gain_territory
2236,game
2237,immature
2238,attest
2239,obstruct_justice
2240,national_leaderitician
2241,elation
2242,satisfaction
2243,green_yellow
2244,sing_song
2245,benight
2246,tuft
2247,jump_off_bridge
2248,foreshow
2249,shape
2250,life
2251,ill-starred
2252,well_done
2253,wayward
2254,wealthy
2255,seasoned
2256,smoke
2257,wanted
2258,clumsy
2259,work_much
2260,proofed
2261,turn_around
2262,reprimand
2263,problem
2264,fancy_clothes
2265,clumsy_person
2266,quack
2267,ill
2268,fairly
2269,desolation
2270,citizen_committee
2271,alone
2272,human_emotion
2273,revolver
2274,verbosity
2275,softness
2276,professor
2277,regulate
2278,succeed
2279,national_leader
2280,take_charge
2281,slide
2282,improper
2283,drop_blood
2284,pulley
2285,vocation
2286,nonsense
2287,right_now
2288,around_earth
2289,muck_up
2290,plus
2291,break_half
2292,metal_coin
2293,apple_tree
2294,sideways
2295,sport
2296,pacific_northwest
2297,nickname
2298,cup_breast
2299,drink_a_lot_of_booze
2300,astonishment
2301,complacent
2302,agriculture
2303,read_book
2304,building
2305,thorough
2306,win_battle
2307,bitterness
2308,attention
2309,upgrade
2310,bully
2311,clique
2312,cafe
2313,self-reproach
2314,inscribe
2315,unsatisfying
2316,sail_sea
2317,point_finger
2318,queerly
2319,diadem
2320,only
2321,hot_chick
2322,snuggle
2323,show_love
2324,juror
2325,lower_music
2326,cogitate
2327,unite
2328,embarrass
2329,forceps
2330,numerousness
2331,deference
2332,torn
2333,despise
2334,atom
2335,abominable
2336,analgesic
2337,urgent
2338,young_lady
2339,daft
2340,green_growth
2341,ankle
2342,welfare
2343,observe
2344,mad_cow_disease
2345,ingest_food
2346,rome
2347,weather_prediction
2348,celestial_body
2349,toothbrush_bristle
2350,cost
2351,perform_art
2352,biscuit
2353,get_reply
2354,reach_out
2355,bugger_all
2356,soft_cloth
2357,doctor
2358,get_rich
2359,restive
2360,movie_action_movie
2361,lonesome
2362,go_stage
2363,ostracoderm
2364,royal_purple
2365,vibrate
2366,lunitidal_interval
2367,unit
2368,nightingale
2369,make_big
2370,joyousness
2371,big_city
2372,glass_of_water
2373,house_front
2374,kernel
2375,geometry
2376,hold
2377,possible
2378,outside_atmosphere
2379,ignition_key
2380,preferred
2381,valor
2382,go_dentist
2383,contritely
2384,football
2385,address_book
2386,fantastic
2387,review
2388,closeness
2389,find_car
2390,bear
2391,angiologist
2392,recoverer
2393,whisper
2394,cherish
2395,persist
2396,senator
2397,split
2398,go_to_jail
2399,human_group
2400,trap
2401,wish
2402,token
2403,commitment
2404,mother_brother
2405,bribe
2406,cephalaspid
2407,nebulous
2408,courageous
2409,large_group
2410,ice_crystal
2411,fetor
2412,diarrhoea
2413,experienced
2414,bad_drug
2415,show
2416,interesting
2417,reason_why
2418,company
2419,restrict_access
2420,liver
2421,court
2422,substance
2423,holy_man
2424,express
2425,moon_gravity
2426,violence
2427,unjustly
2428,sticky
2429,taunt
2430,payoff
2431,good_luck
2432,side
2433,movement_of_water
2434,ruthlessly
2435,find_office
2436,nickel
2437,pastime
2438,church_head
2439,woodland_mushroom
2440,angle
2441,vocalization
2442,horse
2443,smell_food
2444,brother
2445,stateswoman
2446,ownership
2447,dancer
2448,buy_newspaper
2449,computer_user
2450,trust
2451,originality
2452,inquiry
2453,treachery
2454,satin
2455,fire_bullet
2456,trick
2457,creation
2458,chicken_egg
2459,rathole
2460,have_intercourse
2461,container_pitcher
2462,conquer_enemy
2463,influenza
2464,bottom_line
2465,good_karma
2466,play_golf
2467,clot
2468,waylay
2469,move_slowly
2470,time_waster_class
2471,upset
2472,protein
2473,prose
2474,nakedness
2475,primary_color
2476,beautiful_well_useful
2477,burial_place
2478,scoff
2479,numerous
2480,earl
2481,store_knowledge
2482,flee
2483,sophistry
2484,subside
2485,hurt
2486,clothes
2487,large
2488,noble
2489,fear
2490,spellbinding
2491,christmas
2492,alcoholic_beverage
2493,hale
2494,cord
2495,water_flow
2496,dissatisfactory
2497,bay
2498,use_crayon
2499,browser
2500,offense
2501,physician
2502,lad
2503,silk
2504,seagoing_vessel
2505,hair_shape_gel
2506,millstone
2507,mismarry
2508,ovum
2509,upper_lower
2510,luncheon_voucher
2511,grad_teaching_fellow
2512,enhance
2513,civility
2514,block
2515,home
2516,preterm_infant
2517,nice_look
2518,week
2519,debit
2520,deliverance
2521,urinate
2522,stork
2523,store_music
2524,newtonal
2525,contriteness
2526,kit_fox
2527,soya
2528,jewish
2529,bushel
2530,self-complacent
2531,read_magazine
2532,business_organization
2533,bladder_full
2534,hockey_game
2535,possessive
2536,interrogation
2537,let
2538,profound_thought
2539,workman
2540,innumerableness
2541,spin
2542,appanage
2543,holiday
2544,yardstick
2545,overlook
2546,naught
2547,bird_type
2548,loud_soft
2549,wild_animal
2550,small_insect
2551,qualified
2552,discourteous
2553,crashingly
2554,across-the-board
2555,peelable
2556,cardboard_box
2557,loud_music
2558,edict
2559,get_revenge
2560,twig
2561,gradely
2562,quilt
2563,endocrine
2564,small_size
2565,self-complacency
2566,treated
2567,lay_off
2568,projector
2569,influence
2570,subordination
2571,jawless_fish
2572,smog
2573,man
2574,terribly
2575,hexagon
2576,comprehension
2577,beijing
2578,deceit
2579,newspaper_book
2580,sultan
2581,ship_part
2582,spur
2583,whisker
2584,starved
2585,fastener_binder
2586,companionship
2587,covetousness
2588,call_911
2589,dime
2590,war_zone
2591,pair
2592,greasy
2593,bad_quality
2594,glumness
2595,break_law
2596,erythema_nodosum
2597,mass_production
2598,fragrant
2599,gratuity
2600,govern
2601,normal_human_crotch
2602,cover_wound
2603,big_fire
2604,heavenly_body
2605,sheet
2606,monitor
2607,crime
2608,drop
2609,artwork
2610,prohibit
2611,hole
2612,conversant
2613,wave_wind
2614,communicate
2615,enviousness
2616,feasible
2617,humiliation
2618,royal_title
2619,kill_time
2620,animal
2621,new
2622,domesticated_animal
2623,overcome_problem
2624,restriction
2625,shad_roe
2626,response
2627,research
2628,observer
2629,reflect
2630,fictional
2631,class
2632,ice_athletic_game
2633,symphonious
2634,bone_human
2635,committal
2636,raw
2637,binge
2638,thoroughfare
2639,batrachomyomachia
2640,enticement
2641,alto
2642,wage_war
2643,penny_dime
2644,order_meal
2645,pal
2646,coagulum
2647,botched
2648,bait_trap
2649,connection
2650,cranny
2651,snake
2652,money_storage
2653,money_holder
2654,swad
2655,find_play
2656,change_diaper
2657,amiable
2658,sculpt_gel
2659,tree_product
2660,wall
2661,eye_strain
2662,barb
2663,needle_thread
2664,go_forward
2665,have
2666,embrace
2667,insect
2668,funny
2669,pretend
2670,handwritten
2671,cumulation
2672,yacht
2673,profession
2674,masculine
2675,feline
2676,play_guitar
2677,enviably
2678,connectedness
2679,estrangement
2680,job_offer
2681,idea
2682,adam_and_eden
2683,guard
2684,piece
2685,preterm_baby
2686,fragile
2687,hobby
2688,tear_eye
2689,order_beer
2690,confession
2691,gem
2692,web
2693,flounder
2694,chicken
2695,credit
2696,erythroderma
2697,small
2698,sting_operation
2699,flu
2700,destroy_live
2701,forehead
2702,temple
2703,iron
2704,rush_job
2705,good_behavior
2706,squeak
2707,waive
2708,obligate
2709,emergency_situation
2710,pregnant
2711,help_people
2712,veteran
2713,twofer
2714,consequence
2715,extreme
2716,sect
2717,wage
2718,niceness
2719,nerd
2720,difficulty
2721,peek
2722,glasses
2723,conjoin
2724,ending
2725,participant
2726,recollection
2727,package
2728,get_excited
2729,brave
2730,up_high
2731,pour_liquid
2732,courtesy
2733,greeting
2734,co-occurrence
2735,hopefulness
2736,last_lifetime
2737,stupid
2738,full_complement
2739,emptiness
2740,personality_trait
2741,stench
2742,black_white
2743,lumber
2744,retrievable
2745,unhurt
2746,internal_secretion
2747,gold
2748,destruction
2749,legislation
2750,marker
2751,belongership
2752,bin
2753,condoner
2754,oculus_dexter
2755,newyork
2756,manage
2757,special_occasion
2758,bloody
2759,gear
2760,fly_insect
2761,purple
2762,butcherly
2763,activation_energy
2764,breathable
2765,foundation
2766,cry_lot
2767,harm
2768,dominance
2769,malnourished
2770,tow
2771,adornment
2772,file_bill
2773,grow_yard
2774,yell_loudly
2775,immoderateness
2776,wail
2777,naked_eye
2778,ism
2779,jump_high
2780,include
2781,delinquency
2782,die_out
2783,disease
2784,vex
2785,chihuahua
2786,look_down_on
2787,discourse
2788,protect
2789,stitch
2790,manufacture
2791,remove_hair
2792,incensed
2793,guffaw
2794,nervous_system
2795,quest
2796,preen
2797,box
2798,dun
2799,regulation
2800,pretty_woman
2801,horrid
2802,victimize
2803,boat_upper_deck
2804,use_telephone
2805,result
2806,sprint
2807,onus
2808,chance
2809,vain
2810,old
2811,universal
2812,head_wear
2813,income
2814,door_knob
2815,breathe
2816,sibling
2817,jail_time
2818,romantic
2819,disappoint
2820,match
2821,avidity
2822,conscious
2823,play_violin
2824,positive
2825,hard_work
2826,cry_out
2827,coy
2828,accumulate_knowledge
2829,economics
2830,kidnap
2831,beginner
2832,precious
2833,poppy_seed
2834,objective
2835,microscopic
2836,wide
2837,white_fox
2838,marvel
2839,idiotic
2840,woefully
2841,bad_music
2842,roar
2843,single
2844,smear
2845,hypocrite
2846,female_relative
2847,annoy_bug
2848,excruciate
2849,plastic_container
2850,entertainment
2851,sexy_woman
2852,hunger
2853,change_direction
2854,fly_animal
2855,bunco
2856,inhale
2857,mist
2858,blast
2859,bad
2860,desire
2861,dance
2862,catholic_church
2863,lick
2864,gift
2865,cognisance
2866,economic_activity
2867,forest
2868,holocene_epoch
2869,many_years
2870,garbage_dump
2871,glamour
2872,blue_green
2873,solely
2874,holocene
2875,redeem
2876,indifferently
2877,reddish_purple
2878,whoopee
2879,hoodlum
2880,world_wide
2881,auspicate
2882,hallway
2883,short
2884,bargain
2885,kind_animal
2886,water
2887,beastliness
2888,bunco_game
2889,cannibalism
2890,london
2891,bird_fly
2892,contagious_disease
2893,minute
2894,bereft
2895,dead_tree
2896,halve
2897,make_out_atom
2898,physical_pain
2899,birthday_suit
2900,panic
2901,kitchen
2902,felon
2903,win_game
2904,boil_water
2905,see
2906,overstrung
2907,fight_against
2908,betray
2909,try_on
2910,urging
2911,high_standard
2912,riot
2913,abide
2914,ground_level
2915,relax
2916,bloke
2917,plight
2918,loss
2919,disappointing
2920,combination
2921,save_life
2922,award_winner
2923,dig
2924,freely
2925,bad_service
2926,grievance
2927,circumstance
2928,charlatan
2929,dark
2930,loose
2931,swat
2932,bloodthirsty
2933,award_fund
2934,boundary
2935,respectful
2936,esurient
2937,work
2938,violet
2939,remedial
2940,lessened
2941,gravid
2942,jollification
2943,meal_ticket
2944,embarrassingly
2945,without_money
2946,curative
2947,fumbling
2948,indecisive
2949,down_payment
2950,cost_lot
2951,office_job
2952,stick
2953,work_done
2954,mahogany
2955,finished
2956,gloomily
2957,go_to_gym
2958,unscathed
2959,hokum
2960,beetle
2961,throw_overboard
2962,lift_up
2963,child
2964,seventy
2965,simple
2966,medicine
2967,decrease_music
2968,helpful_tool
2969,inexact
2970,war
2971,contingency
2972,coli
2973,baby_flower
2974,shear
2975,high_volume
2976,rotation
2977,cabbage
2978,land_runway
2979,book_token
2980,iron-fisted
2981,furniture
2982,bawl
2983,feasibly
2984,human_crotch
2985,model
2986,headdress
2987,atheist
2988,intelligent
2989,stupefy
2990,watt
2991,withdrawal
2992,fame
2993,null
2994,sporty
2995,listen
2996,terrible
2997,mangled
2998,fire_starter
2999,sport_store
3000,dwarf
3001,mound
3002,easy
3003,hopefully
3004,rain
3005,bar
3006,shoulder
3007,nazi
3008,glad
3009,care_patient
3010,beneficial
3011,embracement
3012,pervasive
3013,greatness
3014,lagger
3015,daily
3016,absolutism
3017,pitcher
3018,ass
3019,glaze
3020,cur
3021,finish_job
3022,fun
3023,marrow
3024,scintillating
3025,abrupt
3026,ascendancy
3027,column
3028,calve
3029,set_on_fire
3030,steam
3031,revitalize
3032,actor
3033,enviable
3034,eat_peanut
3035,treatment
3036,reliance
3037,unconscious
3038,compassion
3039,dance_type
3040,mathematical_skill
